{
  "best_metric": null,
  "best_model_checkpoint": null,
  "epoch": 1.0,
  "eval_steps": 500,
  "global_step": 1756,
  "is_hyper_param_search": false,
  "is_local_process_zero": true,
  "is_world_process_zero": true,
  "log_history": [
    {
      "epoch": 0.2847380410022779,
      "grad_norm": 4.106386184692383,
      "learning_rate": 1.4305239179954442e-05,
      "loss": 0.2632,
      "step": 500
    },
    {
      "epoch": 0.5694760820045558,
      "grad_norm": 0.4040723443031311,
      "learning_rate": 8.610478359908885e-06,
      "loss": 0.1024,
      "step": 1000
    },
    {
      "epoch": 0.8542141230068337,
      "grad_norm": 2.915231943130493,
      "learning_rate": 2.9157175398633257e-06,
      "loss": 0.0749,
      "step": 1500
    },
    {
      "epoch": 1.0,
      "eval_accuracy": 0.9831783128274563,
      "eval_f1": 0.9266589057043073,
      "eval_loss": 0.0644727423787117,
      "eval_precision": 0.915844838921762,
      "eval_recall": 0.9377314035678223,
      "eval_runtime": 39.1803,
      "eval_samples_per_second": 82.95,
      "eval_steps_per_second": 10.388,
      "step": 1756
    }
  ],
  "logging_steps": 500,
  "max_steps": 1756,
  "num_input_tokens_seen": 0,
  "num_train_epochs": 1,
  "save_steps": 500,
  "stateful_callbacks": {
    "TrainerControl": {
      "args": {
        "should_epoch_stop": false,
        "should_evaluate": false,
        "should_log": false,
        "should_save": true,
        "should_training_stop": true
      },
      "attributes": {}
    }
  },
  "total_flos": 307010455479936.0,
  "train_batch_size": 8,
  "trial_name": null,
  "trial_params": null
}
